disease_id,disease_name,pathogen_type,affected_crops,symptoms,favorable_temp_c,favorable_humidity_pct,severity_risk,primary_cause,organic_control,chemical_control_guidance,prevention_measures
DIS-001,Rice Blast,Magnaporthe oryzae (Fungus),Rice,Spindle-shaped lesions with grayish-white center and brown margin on leaves and panicle neck node,24-28,88-98,CRITICAL,High nitrogen fertilizer combined with prolonged leaf wetness and warm misty weather,Pseudomonas fluorescens foliar spray (0.2%) and bio-fungicide Trichoderma harzianum,Tricyclazole 75 WP (0.6g/L) or Isoprothiolane 40 EC strictly per CIBRC agricultural dosage,Use blast-resistant seeds; avoid excess nitrogen; maintain proper plant spacing for airflow
DIS-002,Bacterial Leaf Blight,Xanthomonas oryzae (Bacteria),Rice,Water-soaked yellowish translucent streaks turning into bleached wavy lesions starting from leaf tips,28-34,80-95,HIGH,Warm temperature with heavy rain storms causing wounds in plant tissue,Fresh cow-dung supernatant spray or copper hydroxide biomixtures,Copper oxychloride 50 WP (2.5g/L) with Streptomycin sulfate (1g/10L) as advised by state extension officers,Ensure field drainage; avoid clipping seedling tips during transplanting; balanced NPK nutrition
DIS-003,Rice Sheath Blight,Rhizoctonia solani (Fungus),Rice,Greenish-grey oval or irregular spots on lower leaf sheaths expanding upward into snake-skin patterns,28-32,85-95,CRITICAL,High plant density with heavy nitrogen top dressing creating humid microclimate at base,Foliar spray of Trichoderma viride @ 5g/L or neem cake soil application,Validamycin 3L (2.5ml/L) or Azoxystrobin + Difenoconazole per authorized label,Maintain proper plant spacing (20x15 cm); reduce urea top dressing; clean weeding of bunds
DIS-004,Wheat Yellow / Stripe Rust,Puccinia striiformis (Fungus),Wheat,Parallel yellow-orange powdery pustules (stripes) on leaf blades and sheaths,12-20,70-90,CRITICAL,Cool humid mornings with dew retention on canopy and intermittent sunshine,Foliar spray of neem-based formulations and Trichoderma harzianum,Propiconazole 25 EC (1ml/L) or Tebuconazole 250 EC at first flag leaf pustule sighting,Sow resistant varieties (HD-2967 or PBW-550); timely sowing to escape rust season
DIS-005,Wheat Brown / Leaf Rust,Puccinia triticina (Fungus),Wheat,Scattered round to oval orange-brown powdery pustules randomly distributed across leaf blade,18-25,75-90,HIGH,Moderate temperatures with morning dew and warm sunny afternoons,Spray fermented buttermilk biomixture and garlic-chili extract,Tebuconazole 250 EC or Mancozeb 75 WP @ 2g/L upon early detection,Eradicate alternate weed hosts; seed treatment with Trichoderma viride
DIS-006,Wheat Powdery Mildew,Blumeria graminis (Fungus),Wheat,White talcum-powder like dusting over upper leaf surfaces turning grayish brown with black cleistothecia,15-22,70-85,MODERATE,Dense crop canopy with high nitrogen fertilizer and shaded cloudy conditions,Wettable sulfur (0.2%) or diluted baking soda foliar spray,Propiconazole 25 EC (1ml/L) or Hexaconazole 5 EC per certified agronomist dosage,Avoid dense sowing; ensure proper row orientation for sunlight penetration
DIS-007,Tomato Early Blight,Alternaria solani (Fungus),Tomato," Potato"",Concentric ring target-board spots starting on older lower leaves surrounded by yellow chlorotic halo",24-30,80-92,HIGH,Soil splash carrying fungal spores during heavy rain spells and warm afternoons,Neem seed kernel extract (NSKE 5%) and Bordeaux mixture (1%),Mancozeb 75 WP (2g/L) or Chlorothalonil 75 WP according to authorized plant doctor dosage,Crop rotation with non-solanaceous crops; straw mulching; stake plants upright off soil
DIS-008,Tomato Late Blight,Phytophthora infestans (Oomycete),Tomato," Potato"",Large irregular dark water-soaked lesions that rot rapidly with white velvety mold under leaves in high humidity",18-22,90-100,CRITICAL,Cool nights (12-15C) followed by humid cloudy days (18-22C) with free water on foliage,Trichoderma viride spray and prophylactic bio-copper formulations,Metalaxyl 8% + Mancozeb 64% WP (2.5g/L) or Dimethomorph per manufacturer label and expert advice,Destroy infected crop residue immediately; plant certified disease-free seed tubers
DIS-009,Tomato Leaf Curl (ToLCV),Begomovirus (Virus),Tomato,"Upward leaf curling, stunted growth, puckering of leaves, vein thickening and drop in fruit set",28-36,55-75,HIGH,Severe infestation and feeding by Bemisia tabaci whitefly insect vector,Spray neem oil (1500 ppm) @ 4ml/L and install yellow sticky traps (20/acre),Target whitefly vector using systemic insecticides (Diafenthiuron or Imidacloprid) under extension advice,Grow barrier crops of maize or sorghum; use silver reflective mulch to repel vector
DIS-010,Potato Late Blight,Phytophthora infestans (Oomycete),Potato," Tomato"",Water-soaked decaying blotches on foliage accompanied by rotten purplish-brown tuber surface",15-22,85-98,CRITICAL,Continuous rainfall or sprinkler irrigation keeping canopy wet for >10 hours,Bacillus subtilis foliar application and copper-based organic protectants,Cymoxanil 8% + Mancozeb 64% WP applied preventively upon weather blight warnings,Practice earthing up to 15cm to protect tubers; haulm cutting 10 days before harvest
DIS-011,Potato Black Scurf,Rhizoctonia solani (Fungus),Potato,Hard black crusty sclerotia adhering tightly to tuber skin like dirt that won't wash off,18-24,70-85,MODERATE,Infected seed tubers planted in cold wet soils,Seed tuber treatment with Trichoderma viride @ 10g/kg seed,Boric acid (3%) tuber dip or Pencycuron 250 SC seed dressing before planting,Use certified disease-free tubers; avoid deep planting in cold soils; crop rotation
DIS-012,Cotton Bacterial Blight / Blackarm,Xanthomonas citri pv. malvacearum (Bacteria),Cotton,"Angular water-soaked dark brown leaf spots restricted by veins, black lesions on stems (blackarm) and bolls",28-35,80-95,HIGH,High temperature and driving rain storms splashing bacterial ooze across plants,Spray copper oxychloride (0.25%) with bio-control Pseudomonas,Copper oxychloride 50 WP (2.5g/L) + Streptocycline (1g/10L) foliar spray,Delint seed with commercial sulfuric acid; use certified resistant cotton varieties
DIS-013,Cotton Leaf Curl Virus (CLCuV),Begomovirus (Virus),Cotton,"Upward leaf curling, thickening of veins, and small cup-shaped leaf enations on undersides",30-38,60-80,HIGH,Explosion of Bemisia tabaci whitefly vector populations in high temperature,Spray neem oil (1500 ppm) and protect natural predators like ladybird beetles,Target the whitefly vector using systemic insecticides strictly per agricultural officer,"Eradicate alternate weed hosts (Abutilon, Xanthium); grow resistant cotton hybrids"
DIS-014,Soybean Rust,Phakopsora pachyrhizi (Fungus),Soybean,Tiny reddish-brown to tan pustules (uredinia) on the underside of leaves with yellow chlorotic spots on top,20-28,85-95,CRITICAL,Prolonged leaf wetness (>6 hours) and moderate temperatures during flowering to pod fill,Foliar spray of 5% neem extract or Trichoderma harzianum bio-protectant,Hexaconazole 5% EC (2ml/L) or Tebuconazole 25.9% m/m EC (1.5ml/L) at first symptom appearance,Early sowing; plant rust-tolerant soybean cultivars; inspect lower canopy leaves weekly
DIS-015,Soybean Anthracnose / Pod Blight,Colletotrichum truncatum (Fungus),Soybean,Irregular brown spots on stems and pods with diagnostic black spiny setae; premature pod drop,26-32,80-95,HIGH,Warm wet humid weather during reproductive growth stages,Seed treatment with Trichoderma viride and foliar bio-fungicide,Carbendazim 12% + Mancozeb 63% WP (2g/L) or Azoxystrobin 23% SC foliar spray,Use disease-free certified seeds; deep summer plowing to bury infested crop residue
DIS-016,Groundnut Tikka Leaf Spot (Cercospora),Cercospora arachidicola (Fungus),Groundnut,Circular dark brown spots with prominent yellow halos on leaf surfaces leading to severe defoliation,25-30,75-90,HIGH,Prolonged damp soil conditions and intermittent rainy intervals,Spray fermented butter-milk extract and neem cake soil incorporation,Carbendazim 50 WP (1g/L) or Mancozeb 75 WP (2g/L) under agronomist recommendation,Deep summer ploughing; intercrop with pearl millet or pigeon pea
DIS-017,Groundnut Collar Rot,Aspergillus niger (Fungus),Groundnut,Rotting of seedling collar region at soil surface covered with black powdery fungal mass,28-35,70-85,HIGH,High soil temperature with moist planting conditions,Seed treatment with Trichoderma harzianum @ 10g/kg seed,Mancozeb (3g/kg seed) or Thiram seed treatment before sowing,Avoid deep sowing of groundnut kernels; rotate crops with cereals
DIS-018,Sugarcane Red Rot,Colletotrichum falcatum (Fungus),Sugarcane,"Third or fourth leaf yellowing, reddening of internal pith with diagnostic white horizontal cross-bands and alcohol odor",29-35,80-95,CRITICAL,Waterlogged fields and planting infected seed setts,Drench root zone with Trichoderma harzianum; hot water treatment of seed setts (52C for 30 min),Carbendazim sett treatment prior to planting as guided by cane research institute,Use certified red-rot resistant clones; avoid ratoon crops in infested plots; ensure drainage
DIS-019,Sugarcane Smut,Sporisorium scitamineum (Fungus),Sugarcane,"Emergence of a long, black, curved whip-like structure from the central spindle shoot",25-32,65-80,HIGH,Infected seed setts and warm dry winds spreading teliospores,Collect whips inside plastic bags before spore release and incinerate,Dip setts in Propiconazole 25 EC (1ml/L) solution for 15 minutes before planting,Plant certified smut-resistant varieties; avoid ratoon crops in affected plots
DIS-020,Citrus Gummosis / Foot Rot,Phytophthora nicotianae (Oomycete),Citrus,"Gum exudation on trunk bark near collar region, cracking and rotting of bark and yellowing of foliage",24-30,80-95,CRITICAL,Flood irrigation touching tree trunks and water stagnation around collar,Clean scraping of infected bark and pasting with Bordeaux paste (1:1:10),Fosetyl-Al 80 WP (2.5g/L) foliar spray or Metalaxyl soil drenching around drip line,Keep graft union 25-30 cm above soil level; practice double-ring basin irrigation
DIS-021,Citrus Canker,Xanthomonas axonopodis pv. citri (Bacteria),Citrus,"Raised corky blister-like crater lesions with oily margin and yellow halo on leaves, twigs, and fruits",28-35,75-90,HIGH,Rain storms carrying bacterial droplets aided by citrus leaf miner leaf wounds,Prune infected twigs before monsoon and spray 1% Bordeaux mixture,Copper Oxychloride 50 WP (2.5g/L) + Streptocycline (1g/10L) foliar spray,Control citrus leaf miner larvae; install windbreaks around citrus orchard borders
DIS-022,Banana Sigatoka Leaf Spot,Mycosphaerella musicola (Fungus),Banana,Small chlorotic spots turning into linear dark brown to black streaks with grayish sunken centers,26-32,85-98,CRITICAL,"High atmospheric humidity, frequent rain showers and dense shaded canopy",Cut and burn infected leaves; spray mineral oil emulsion (1%),Propiconazole 25 EC (1ml/L) or Carbendazim 50 WP (1g/L) with sticker agent,Maintain proper spacing (1.8x1.8 m); clear suckers; ensure efficient plantation drainage
DIS-023,Banana Fusarium Wilt (Panama),Fusarium oxysporum f. sp. cubense (Fungus),Banana,"Yellowing of lower leaves, splitting of pseudostem base, internal vascular discoloration (reddish-brown strands)",25-32,70-85,CRITICAL,Soil-borne chlamydospores persisting in infested soils and contaminated suckers,Soil application of Trichoderma viride enriched with neem cake in planting pit,Corm injection with Carbendazim 2% solution under agricultural officer supervision,Plant tissue-cultured disease-free plantlets; avoid flood irrigation from infected plots
DIS-024,Onion Purple Blotch,Alternaria porri (Fungus),Onion," Garlic"",Sunken white flecks enlarging into purplish-brown zonate spots on leaves and flower stalks",22-28,80-95,HIGH,Humid rainy weather with morning fog followed by warm sunny days,Spray 5% neem extract or Trichoderma viride with wetting adjuvant,Mancozeb 75 WP (2.5g/L) or Tebuconazole 25.9% EC (1.5ml/L) with agricultural sticker,Use raised nursery beds; maintain wide row spacing for canopy drying; crop rotation
DIS-025,Chili Anthracnose / Dieback,Colletotrichum capsici (Fungus),Chili," Capsicum"",Dieback of twigs starting from tip downwards; circular sunken necrotic spots on ripe red pods",26-32,80-95,CRITICAL,High humidity and intermittent rains during fruit ripening stage,Seed treatment with Trichoderma harzianum; spray Bordeaux mixture 1%,Azoxystrobin 23% SC (1ml/L) or Difenoconazole 25 EC (0.5ml/L) per official guidelines,Collect and burn infected twigs and fruits; seed treatment with Thiram before nursery sowing
DIS-026,Chickpea Fusarium Wilt,Fusarium oxysporum f. sp. ciceris (Fungus),Chickpea,"Drooping of petioles and rachis, yellowing and drying of foliage, brown vascular discoloration in split root",22-28,50-70,HIGH,High soil temperature at seedling or flowering stage in low-moisture soils,Seed treatment with Trichoderma viride @ 10g/kg seed + soil neem cake,Carbendazim (2g/kg seed) dry seed dressing before planting,"Sow wilt-resistant chickpea varieties (JG-11, JAKI-9218); deep summer plowing; avoid early sowing in hot soils"
